ID,Name,State,Current_Ownership,Correct_Ownership (Fill Here),Correct_Institute_Type (Fill Here)
DL_CENTER_FOR_CANCER_PATHOLOGY_INDIAN_COUNCIL_OF_MEDICAL_RESEARCH_DELHI_110029_PREV_NATIONAL_INSTITUTE_OF_PATHOLOGY_INDIAN_COUNCIL_OF_MEDICAL_RESEARCH,"Center for Cancer Pathology (Indian Council of Medical Research), Delhi-110029 (Prev. National Institute of Pathology (Indian Council of Medical Research))",Delhi,Other,,
HR_MEDANTA_THE_MEDICITY_GURGAON_HARYANA_122001,"Medanta The Medicity, Gurgaon, Haryana-122001",Haryana,Other,,
TG_MNJ_INSTITUTE_OF_ONCOLOGY_AND_CANCER_REGIONAL_CENTER_LAKDI_KA_OIL_HYDERABAD_TELANGANA_500004,"MNJ Institute of Oncology and Cancer Regional Center, Lakdi Ka Oil, Hyderabad, Telangana-500004",Telangana,Other,,
KL_REGIONAL_CANCER_CENTRE_MEDICAL_COLLEGE_CAMPUS_THIRUVANANTHAPURAM_KERALA_695011,"Regional Cancer Centre, Medical College Campus, Thiruvananthapuram, Kerala-695011",Kerala,Other,,
KL_ASTER_MEDCITY_KOCHI_KERALA_682027,"Aster Medcity, Kochi, Kerala-682027",Kerala,Other,,
KL_MENTAL_HEALTH_CENTRE_THIRUVANANTHAPURAM_KERALA_695005,"Mental Health Centre, Thiruvananthapuram, Kerala-695005",Kerala,Other,,
UP_AUTONOMOUS_STATE_MEDICAL_COLLEGE_ASMC_PILIBHIT_BITHORA_KALAN_UTTAR_PRADESH_262001,"Autonomous State Medical College (ASMC), Pilibhit, Bithora Kalan, Uttar Pradesh-262001",Uttar Pradesh,Other,,
OR_SWAMI_VIVEKANAND_NATIONAL_INSTITUTE_OF_REHABILITATION_TRAINING_AND_RESEARCH_BAIROI_ODISHA_754010,"Swami Vivekanand National Institute of Rehabilitation Training and Research, Bairoi, Odisha-754010",Odisha,Other,,
UP_RAJKIYA_MEDICAL_COLLEGE_ORAI_KALPI_ROAD_JALAUN_UTTAR_PRADESH_285001,"Rajkiya Medical College, Orai, Kalpi Road, Jalaun, Uttar Pradesh-285001",Uttar Pradesh,Other,,
DL_NATIONAL_INSTITUTE_OF_TUBERCULOSIS_AND_RESPIRATORY_DISEASES_DELHI_110030,"National Institute of Tuberculosis and Respiratory Diseases, Delhi-110030",Delhi,Other,,
DL_SHRI_BALAJI_ACTION_MEDICAL_INSTITUTE_DELHI_110063,"Shri Balaji Action Medical Institute, Delhi-110063",Delhi,Other,,
TG_INDO_AMERICAN_CANCER_INSTITUTE_AND_RESEARCH_CENTRE_HYDERABAD_TELANGANA_500034,"Indo-American Cancer Institute and Research Centre, Hyderabad, Telangana-500034",Telangana,Other,,
HR_ARTEMIS_HEALTH_INSTITUTE_GURGAON_HARYANA_122001,"Artemis Health Institute, Gurgaon, Haryana-122001",Haryana,Other,,
WB_TATA_MEDICAL_CENTER_KOLKATA_WEST_BENGAL_700160,"Tata Medical Center, Kolkata, West Bengal-700160",West Bengal,Other,,
WB_MEDICAL_COLLEGE_KOLKATA_WEST_BENGAL_700073,"Medical College, Kolkata, West Bengal-700073",West Bengal,Other,,
BR_ANUGRAH_NARAYAN_MAGDH_MEDICAL_COLLEGE_GAYA_BIHAR_823001,"Anugrah Narayan Magdh Medical College, Gaya, Bihar-823001",Bihar,Other,,
UP_UP_RURAL_INSTIUTE_OF_MEDICAL_SCIENCES_AND_RESEARCH_ETAWAH_UTTAR_PRADESH_206130,"UP Rural Instiute of Medical Sciences and Research, Etawah, Uttar Pradesh-206130",Uttar Pradesh,Other,,
WB_CHITTARANJAN_NATIONAL_CANCER_INSTITUTE_KOLKATA_WEST_BENGAL_700026,"Chittaranjan National Cancer Institute, Kolkata, West Bengal-700026",West Bengal,Other,,
TN_KOVAI_MEDICAL_CENTRE_COIMBATORE_TAMIL_NADU_641014,"Kovai Medical Centre, Coimbatore, Tamil Nadu-641014",Tamil Nadu,Other,,
OR_SUM_ULTIMATE_MEDICARE_KALINGA_NAGAR_GHATIKIA_BHUBANESWAR_ODISHA_751003,"SUM Ultimate Medicare, Kalinga Nagar, Ghatikia, Bhubaneswar, Odisha-751003",Odisha,Other,,
HR_METRO_HEART_INSTITUTE_WITH_MULTISPECIALTY_FARIDABAD_HARYANA_121002,"Metro Heart Institute with Multispecialty, Faridabad, Haryana-121002",Haryana,Other,,
KL_LISIE_MEDICAL_INSTITUTION_KOCHI_KERALA_682018,"Lisie Medical Institution, Kochi, Kerala-682018",Kerala,Other,,
DL_RAJIV_GANDHI_CANCER_INSTITUTE_AND_RESEARCH_CENTRE_DELHI_110085,"Rajiv Gandhi Cancer Institute and Research Centre, Delhi-110085",Delhi,Other,,
RJ_ETERNAL_HEART_CARE_CENTRE_AND_RESEARCH_INSTITUTE_JAIPUR_RAJASTHAN_302017,"Eternal Heart Care Centre and Research Institute, Jaipur, Rajasthan-302017",Rajasthan,Other,,
HR_AADHAR_HEALTH_INSTITUTE_HISAR_HARYANA_125001,"Aadhar Health Institute, Hisar, Haryana-125001",Haryana,Other,,
HR_OP_JINDAL_INSTITUTE_OF_CANCER_AND_CARDIAC_RESEARCH_HISAR_HARYANA_125005,"OP Jindal Institute of Cancer & Cardiac Research, Hisar, Haryana-125005",Haryana,Other,,
GJ_GUJARAT_MRI_CENTRE_AHMEDABAD_GUJARAT_380009,"Gujarat MRI Centre, Ahmedabad, Gujarat-380009",Gujarat,Other,,
KL_MAR_SLEEVA_MEDICITY_PALAI_CHERPUNKAL_KOTTAYAM_KERALA_686584,"Mar Sleeva Medicity Palai, Cherpunkal, Kottayam, Kerala-686584",Kerala,Other,,
TN_SRM_INSTITUTES_FOR_MEDICAL_SCIENCES_CHENNAI_TAMIL_NADU_600026,"SRM Institutes for Medical Sciences, Chennai, Tamil Nadu-600026",Tamil Nadu,Other,,
KL_MVR_CANCER_CENTRE_AND_RESEARCH_INSTITUTE_KOZHIKODE_KERALA_673601,"MVR Cancer Centre and Research Institute, Kozhikode, Kerala-673601",Kerala,Other,,
DL_FORTIS_ESCORTS_HEART_INSTITUTE_OKHLA_ROAD_DELHI_110025,"Fortis Escorts Heart Institute, Okhla Road, Delhi-110025",Delhi,Other,,
TN_DR_RELA_INSTITUTE_AND_MEDICAL_CENTRE_CHROMPET_CHENNAI_600044,"Dr Rela Institute & Medical Centre, Chrompet, Chennai-600044",Tamil Nadu,Other,,
KL_ERNAKULAM_MEDICAL_CENTRE_KOCHI_KERALA_682028,"Ernakulam Medical Centre, Kochi, Kerala-682028",Kerala,Other,,
TN_CANCER_INSTITUTE_WIA_ADYAR_CHENNAI_TAMIL_NADU_600036,"Cancer Institute (WIA), Adyar, Chennai, Tamil Nadu-600036",Tamil Nadu,Other,,
TN_REVATHI_MEDICAL_CENTER_AVINASHI_ROAD_TIRUPUR_TAMIL_NADU_641603,"Revathi Medical Center, Avinashi Road, Tirupur, Tamil Nadu-641603",Tamil Nadu,Other,,
HR_QRG_MEDICARE_FARIDABAD_HARYANA_121002,"QRG Medicare, Faridabad, Haryana-121002",Haryana,Other,,
DL_INSTITUTE_OF_LIVER_AND_BILIARY_SCIENCES_DELHI_110070,"Institute of Liver and Biliary Sciences, Delhi-110070",Delhi,Other,,
TN_SANKARA_NETHRALAYA_NO_21_PYCROFTS_GARDEN_ROAD_OFF_HADDOWS_ROAD_CHENNAI_600006,"Sankara Nethralaya, No 21 Pycrofts Garden Road, Off Haddows Road, Chennai-600006",Tamil Nadu,Other,,
GJ_HCG_AASTHA_CANCER_CENTRE_SG_HIGHWAY_AHMEDABAD_GUJARAT_380060_PREV_HCG_CANCER_CENTRE_SG_HIGHWAY_AHMEDABAD,"HCG Aastha Cancer Centre, SG Highway, Ahmedabad, Gujarat-380060 (Prev. HCG Cancer Centre, SG Highway, Ahmedabad)",Gujarat,Other,,
KL_TIRUVALLA_MEDICAL_MISSION_TIRUVALLA_KERALA_689101,"Tiruvalla Medical Mission, Tiruvalla, Kerala-689101",Kerala,Other,,
UP_MAHATMA_VIDUR_AUTONOMOUS_STATE_MEDICAL_COLLEGE_MADHUSUDANPUR_DEVIDAS_NAJIBABAD_BIJNOR_UTTAR_PRADESH_246731,"Mahatma Vidur Autonomous State Medical College, Madhusudanpur Devidas, Najibabad, Bijnor, Uttar Pradesh-246731",Uttar Pradesh,Other,,
KL_PAALANA_INSTITUTE_OF_MEDICAL_SCIENCE_KANNADI_PALAKKAD_KERALA_678701,"Paalana Institute of Medical Science, Kannadi, Palakkad, Kerala-678701",Kerala,Other,,
RJ_KOTHARI_MEDICAL_AND_RESEARCH_INSTITUTE_BIKANER_RAJASTHAN_334004,"Kothari Medical and Research Institute, Bikaner, Rajasthan-334004",Rajasthan,Other,,
MH_SRCC_CHILDRENS_HOAPITAL_MUMBAI_MAHARASHTRA_400034,"SRCC Children`s Hoapital, Mumbai, Maharashtra-400034",Maharashtra,Other,,
PB_INSTITUTE_OF_MENTAL_HEALTH_AMRITSAR_PUNJAB_143001,"Institute of Mental Health, Amritsar, Punjab-143001",Punjab,Other,,
DL_RAJAN_BABU_INSTITUTE_OF_PULMONARY_MEDICINE_AND_TUBERCULOSIS_DELHI_110009,"Rajan Babu Institute of Pulmonary Medicine and Tuberculosis, Delhi-110009",Delhi,Other,,
DL_LADY_HARDINGE_MEDICAL_COLLEGE_NEW_DELHI_110001,"Lady Hardinge Medical College, New Delhi-110001",Delhi,Other,,
MP_BHAGYODAY_TIRTH_CHIKITSALAY_SAGAR_MADHYA_PRADESH_470002,"Bhagyoday Tirth Chikitsalay, Sagar, Madhya Pradesh-470002",Madhya Pradesh,Other,,
TG_ROHINI_MEDICARE_HANAMKONDA_TELANGANA_506001,"Rohini Medicare, Hanamkonda, Telangana-506001",Telangana,Other,,
KL_KARUNA_MEDICAL_COLLEGE_VILAYODI_CHITTUR_PALAKKAD_KERALA_678103,"Karuna Medical College, Vilayodi, Chittur, Palakkad, Kerala-678103",Kerala,Other,,
AA_ANDAMAN_AND_NICOBAR_ISLANDS_INSTITUTE_OF_MEDICAL_SCIENCE_PORT_BLAIR_ANDAMAN_AND_NICOBAR_ISLANDS_744104,"Andaman and Nicobar Islands Institute of Medical Science, Port Blair, Andaman And Nicobar Islands-744104",Andaman and Nicobar Islands,Other,,
KA_METROUNITED_HEALTHCARE_LLP_SHIVAMOGGA_KARNATAKA_577201,"Metrounited Healthcare LLP, Shivamogga, Karnataka-577201",Karnataka,Other,,
MH_SURYA_CHILDRENS_MEDICARE_MUMBAI_MAHARASHTRA_400054,"Surya Children`s Medicare, Mumbai, Maharashtra-400054",Maharashtra,Other,,
AP_KAMINENI_HEALTH_CARE_NEW_AUTONAGAR_PORANKI_VIJAYAWADA_ANDHRA_PRADESH_521137,"Kamineni Health Care, New Autonagar, Poranki, Vijayawada, Andhra Pradesh-521137",Andhra Pradesh,Other,,
TN_KRISHNA_MATERNITY_HOME_AND_PEDIATRIC_CENTRE_PALAYAMKOTTAI_TAMIL_NADU_627002,"Krishna Maternity Home and Pediatric Centre, Palayamkottai, Tamil Nadu-627002",Tamil Nadu,Other,,
GJ_PRANAYAM_LUNG_AND_HEART_INSTITUTE_LAKULESH_PARK_SOCIETY_NEW_VIP_ROAD_VADODARA_GUJARAT_390022,"Pranayam Lung & Heart Institute, Lakulesh Park Society, New VIP Road, Vadodara, Gujarat-390022",Gujarat,Other,,
CG_EKTA_INSTITUTE_OF_CHILD_HEALTH_CHHATTISGARH_CHHATTISGARH_492001,"Ekta Institute of Child Health, Chhattisgarh, Chhattisgarh-492001",Chhattisgarh,Other,,
HR_NC_JINDAL_INSTITUTE_OF_MEDICAL_CARE_AND_RESEARCH_MODEL_TOWN_HISAR_HARYANA_125005,"NC Jindal Institute of Medical Care and Research, Model Town, Hisar, Haryana-125005",Haryana,Other,,
MP_SADGURU_NETHRA_CHIKITSALAYA_SATNA_MADHYA_PRADESH_210204,"Sadguru Nethra Chikitsalaya, Satna, Madhya Pradesh-210204",Madhya Pradesh,Other,,
MH_SHRI_GANAPATI_NETHRALAYA_JALNA_MAHARASHTRA_431203,"Shri Ganapati Nethralaya, Jalna, Maharashtra-431203",Maharashtra,Other,,
TG_ANKURA_MEDICAL_AND_RESEARCH_CENTRE_UPPAL_HYDERABAD_TELANGANA_500039,"Ankura Medical & Research Centre, Uppal, Hyderabad, Telangana-500039",Telangana,Other,,
WB_INSTITUTE_OF_CHILD_HEALTH_KOLKATA_WEST_BENGAL_700017,"Institute of Child Health, Kolkata, West Bengal-700017",West Bengal,Other,,
MH_HCG_CANCER_CENTRE_BORIVALI_WEST_MUMBAI_MAHARASHTRA_400092,"HCG Cancer Centre, Borivali West, Mumbai, Maharashtra-400092",Maharashtra,Other,,
KA_NARAYANA_NETRALAYA_BOMMASANDRA_BANGALORE_KARNATAKA_560099,"Narayana Netralaya, Bommasandra, Bangalore, Karnataka-560099",Karnataka,Other,,
DL_SHROFF_EYE_CENTRE_DELHI_110048,"Shroff Eye Centre, Delhi-110048",Delhi,Other,,
MH_WESTERN_INDIA_INSTITUTE_OF_NEUROSCIENCES_KOLHAPUR_MAHARASHTRA_416002,"Western India Institute of Neurosciences, Kolhapur, Maharashtra-416002",Maharashtra,Other,,
UP_METRO_HEART_INSTITUTE_NOIDA_UTTAR_PRADESH_201301,"Metro Heart Institute, Noida, Uttar Pradesh-201301",Uttar Pradesh,Other,,
DL_CENTRE_FOR_SIGHT_DELHI_110029,"Centre for Sight, Delhi-110029",Delhi,Other,,
DL_INDIAN_SPINAL_INJURIES_CENTRE_DELHI_DELHI_110070,"Indian Spinal Injuries Centre, Delhi, Delhi-110070",Delhi,Other,,
PB_NASA_BRAIN_AND_SPINE_CENTRE_GURUNANAK_PURA_KAPURTHALA_ROAD_JALANDHAR_PUNJAB_144001,"Nasa Brain and Spine Centre, Gurunanak Pura, Kapurthala Road, Jalandhar, Punjab-144001",Punjab,Other,,
OR_ASHWINI_TRAUMA_CENTRE_CUTTACK_ODISHA_753014,"Ashwini Trauma Centre, Cuttack, Odisha-753014",Odisha,Other,,
MH_NATIONAL_CANCER_INSTITUTE_MOUZA_JAMTHA_NAGPUR_MAHARASHTRA_441108,"National Cancer Institute, Mouza Jamtha, Nagpur, Maharashtra-441108",Maharashtra,Other,,
KA_MANASA_NURSING_HOME_SHIVAMOGGA_KARNATAKA_577201,"Manasa Nursing Home, Shivamogga, Karnataka-577201",Karnataka,Other,,
KA_PRABHA_EYE_CLINIC_AND_RESEARCH_CENTRE_BANGALORE_KARNATAKA_560070,"Prabha Eye Clinic and Research Centre, Bangalore, Karnataka-560070",Karnataka,Other,,
KL_DR_SREEKANTH_EYECARE_AND_RESEARCH_CENTRE_KOTOOLI_MAVOOR_ROAD_KERALA_673016,"Dr Sreekanth Eyecare and Research Centre, Kotooli Mavoor Road, Kerala-673016",Kerala,Other,,
TG_PUSHPAGIRI_EYE_INSTITUTE_SECUNDERABAD_TELANGANA_500026,"Pushpagiri Eye Institute, Secunderabad, Telangana-500026",Telangana,Other,,
GJ_DRASHTI_NETHRALAYA_DAHOD_GUJARAT_389151,"Drashti Nethralaya, Dahod, Gujarat-389151",Gujarat,Other,,
GJ_RAJKOT_CANCER_SOCIETY_TIRUPATI_NAGAR_RAJKOT_GUJARAT_360007,"Rajkot Cancer Society, Tirupati Nagar, Rajkot, Gujarat-360007",Gujarat,Other,,
DL_CENTRE_FOR_SIGHT_PLOT_NO_9_SECTOR_9_DWARKA_DELHI_110075,"Centre for Sight, Plot No 9, Sector 9, Dwarka, Delhi-110075",Delhi,Other,,
AP_SRI_SATHYA_SAI_INSTITUTE_OF_HIGHER_MEDICAL_SCIENCES_ANANTAPUR_ANDHRA_PRADESH_515134,"Sri Sathya Sai Institute of Higher Medical Sciences, Anantapur, Andhra Pradesh-515134",Andhra Pradesh,Other,,
BR_MAHAVIR_CANCER_SANSTHAN_AND_RESEARCH_CENTRE_PATNA_BIHAR_801505,"Mahavir Cancer Sansthan and Research Centre, Patna, Bihar-801505",Bihar,Other,,
KL_DR_TONYS_SUPER_SPECIALITY_EYE_INSTITUTE_ERNAKULAM_KERALA_683101,"Dr Tony`s Super Speciality Eye Institute, Ernakulam, Kerala-683101",Kerala,Other,,
MH_ASIAN_HEART_INSTITUTE_AND_RESEARCH_CENTRE_MUMBAI_MAHARASHTRA_400051,"Asian Heart Institute and Research Centre, Mumbai, Maharashtra-400051",Maharashtra,Other,,
UP_SUSHRUT_INSTITUTE_OF_PLASTIC_SURGERY_29_SHAHMEENA_ROAD_LUCKNOW_UTTAR_PRADESH_226003,"Sushrut Institute of Plastic Surgery, 29 Shahmeena Road, Lucknow, Uttar Pradesh-226003",Uttar Pradesh,Other,,
TG_RENOVA_SOUMYA_CANCER_CENTRE_KARKHANA_SECUNDERABAD_TELANGANA_500015,"Renova Soumya Cancer Centre, Karkhana, Secunderabad, Telangana-500015",Telangana,Other,,
PB_DR_OM_PARKASH_EYE_INSTITUTE_NOVELTY_CHOWK_AMRITSAR_PUNJAB_143001,"Dr Om Parkash Eye Institute, Novelty Chowk, Amritsar, Punjab-143001",Punjab,Other,,
MH_WAVIKAR_EYE_INSTITUTE_MAJIWADA_THANE_WEST_MAHARASHTRA_400601,"Wavikar Eye Institute, Majiwada, Thane West, Maharashtra-400601",Maharashtra,Other,,
AS_SRI_SANKARADEVA_NETHRALAYA_GUWAHATI_ASSAM_781028,"Sri Sankaradeva Nethralaya, Guwahati, Assam-781028",Assam,Other,,
WB_SAROJ_GUPTA_CANCER_CENTRE_WELFARE_HOME_AND_RESEARCH_INSTITUTE_KOLKATA_WEST_BENGAL_700063,"Saroj Gupta Cancer Centre Welfare Home and Research Institute, Kolkata, West Bengal-700063",West Bengal,Other,,
DL_VISION_EYE_CENTRE_DELHI_110049,"Vision Eye Centre, Delhi-110049",Delhi,Other,,
BR_ANUP_INSTITUTE_OF_ORTHOPAEDICS_AND_REHABILITATION_PATNA_BIHAR_800020,"Anup Institute of Orthopaedics and Rehabilitation, Patna, Bihar-800020",Bihar,Other,,
BR_BIHAR_STATE_INSTITUTE_OF_MENTAL_HEALTH_AND_ALLIED_SCIENCES_BIMHAS_KOILWAR_BHOJPUR_BIHAR_802160,"Bihar State Institute of Mental Health and Allied Sciences (BIMHAS), Koilwar, Bhojpur, Bihar-802160",Bihar,Other,,
MH_SARAKSHI_NETRALAYA_NAGPUR_MAHARASHTRA_440025,"Sarakshi Netralaya, Nagpur, Maharashtra-440025",Maharashtra,Other,,
GJ_ROTARY_EYE_INSTITUTE_NAVASARI_GUJARAT_396445,"Rotary Eye Institute, Navasari, Gujarat-396445",Gujarat,Other,,
KA_SHRI_BALAJI_INSTITUTE_OF_NEURO_SCIENCES_AND_TRAUMA_HUBLI_KARNATAKA_580021,"Shri Balaji Institute of Neuro Sciences and Trauma, Hubli, Karnataka-580021",Karnataka,Other,,
WB_BM_BIRLA_HEART_RESEARCH_CENTRE_ALIPORE_KOLKATA_WEST_BENGAL_700027,"BM Birla Heart Research Centre, Alipore, Kolkata, West Bengal-700027",West Bengal,Other,,
MH_ACPM_MEDICAL_COLLEGE_SAKRI_ROAD_DHULE_MAHARASHTRA_424001,"ACPM Medical College, Sakri Road, Dhule, Maharashtra-424001",Maharashtra,Other,,
DL_VENU_EYE_INSTITUTE_DELHI_110017,"Venu Eye Institute, Delhi-110017",Delhi,Other,,
WB_DR_BC_ROY_POST_GRADUATE_INSTITUTE_OF_PAEDIATRIC_SCIENCES_KOLKATA_WEST_BENGAL_700054,"Dr BC Roy Post Graduate Institute of Paediatric Sciences, Kolkata, West Bengal-700054",West Bengal,Other,,
UP_MAHARSHI_VISHWAMITRA_AUTONOMOUS_STATE_MEDICAL_COLLEGE_GHAZIPUR_UTTAR_PRADESH_233001,"Maharshi Vishwamitra Autonomous State Medical College, Ghazipur, Uttar Pradesh-233001",Uttar Pradesh,Other,,
BR_RAHMANIA_MEDICAL_CENTRE_BARIYAARPUR_MOTIHARI_BIHAR_845401,"Rahmania Medical Centre, Bariyaarpur, Motihari, Bihar-845401",Bihar,Other,,
KL_SREENETHRA_EYE_CARE_THIRUVANATHAPURAM_KERALA_695034,"Sreenethra Eye Care, Thiruvanathapuram, Kerala-695034",Kerala,Other,,
MP_RATAN_JYOTI_NETRALAYA_OPTHALMIC_INSTITUTE_AND_RESEARCH_CENTRE_GWALIOR_MADHYA_PRADESH_474002,"Ratan Jyoti Netralaya Opthalmic Institute and Research Centre, Gwalior, Madhya Pradesh-474002",Madhya Pradesh,Other,,
JH_RANCHI_INSTITUTE_OF_NUERO_PSYCHIATRY_AND_ALLIED_SCIENCES_RANCHI_JHARKHAND_834006,"Ranchi Institute of Nuero - Psychiatry and Allied Sciences, Ranchi, Jharkhand-834006",Jharkhand,Other,,
UP_PRAKASH_NETRA_KENDR_LUCKNOW_UTTAR_PRADESH_226010,"Prakash Netra Kendr, Lucknow, Uttar Pradesh-226010",Uttar Pradesh,Other,,
RJ_ALAKH_NAYAN_MANDIR_INSTTITUTE_OF_OPHTHALMOLOGY_UDAIPUR_RAJASTHAN_313001,"Alakh Nayan Mandir Insttitute of Ophthalmology, Udaipur, Rajasthan-313001",Rajasthan,Other,,
MP_UNIQUE_SUPER_SPECIALTY_CENTRE_INDORE_MADHYA_PRADESH_452009,"Unique Super Specialty Centre, Indore, Madhya Pradesh-452009",Madhya Pradesh,Other,,
KL_JYOTHIS_EYE_CARE_JYOTHIS_FEMTO_LASIK_AND_CATARACT_CENTRE_PALLIKKUNNU_KANNUR_KERALA_670004,"Jyothis Eye Care, Jyothis Femto Lasik and Cataract Centre, Pallikkunnu, Kannur, Kerala-670004",Kerala,Other,,
MH_SURAJ_EYE_INSTITUTE_NAGPUR_MAHARASHTRA_440001,"Suraj Eye Institute, Nagpur, Maharashtra-440001",Maharashtra,Other,,
CG_SHRI_AUROBINDO_MEDICAL_RESEARCH_CENTRE_RAIPUR_CHHATTISGARH_492001,"Shri Aurobindo Medical Research Centre, Raipur, Chhattisgarh-492001",Chhattisgarh,Other,,
AP_SRI_KIRAN_INSTITUTE_OF_OPHTHALMOLOGY_KAKINADA_ANDHRA_PRADESH_533005,"Sri Kiran Institute of Ophthalmology, Kakinada, Andhra Pradesh-533005",Andhra Pradesh,Other,,
AP_DR_RAMANA_RAJUS_VISION_TREE_SUPERSPECIALITY_EYE_CARE_CENTER_VISAKHAPATNAM_ANDHRA_PRADESH_530043,"Dr Ramana Raju's Vision Tree Superspeciality Eye Care Center, Visakhapatnam, Andhra Pradesh-530043",Andhra Pradesh,Other,,
TN_CHRISTIAN_MEDICAL_COLLEGE_VELLORE_TAMIL_NADU_632002,"Christian Medical College, Vellore, Tamil Nadu-632002",Tamil Nadu,Other,,
HR_AHOOJA_EYE_AND_DENTAL_INSTITUTE_DAYANAND_COLONY_GURUGRAM_HARYANA_122001,"Ahooja Eye and Dental Institute, Dayanand Colony, Gurugram, Haryana-122001",Haryana,Other,,
UP_VARDHMAN_TRAUMA_AND_LAPROSCOPY_CENTRE_MUZAFFARNAGAR_UTTAR_PRADESH_251001,"Vardhman Trauma and Laproscopy Centre, Muzaffarnagar, Uttar Pradesh-251001",Uttar Pradesh,Other,,
XX_JOTHI_EYE_CARE_CENTRE_CALVE_SUBRAYA_CHETTY_STREET_PONDICHERRY_605001,"Jothi Eye Care Centre, Calve Subraya Chetty Street, Pondicherry-605001",Pondicherry,Other,,
PB_CHUGH_EYE_SURGERY_CENTRE_LUDHIANA_PUNJAB_141002,"Chugh Eye Surgery Centre, Ludhiana, Punjab-141002",Punjab,Other,,
HR_ISHWAR_EYE_CENTRE_VIJAY_PARK_JHANG_COLONY_ROHTAK_HARYANA_124001,"Ishwar Eye Centre, Vijay Park Jhang Colony, Rohtak, Haryana-124001",Haryana,Other,,
KA_VIJAYA_ORTHO_AND_TRAUMA_CENTRE_AYODHYA_NAGAR_BELAGAVI_KARNATAKA_590001,"Vijaya Ortho and Trauma Centre, Ayodhya Nagar, Belagavi, Karnataka-590001",Karnataka,Other,,
OR_MAHANADI_NETRA_CHITSALAYA_SUBARNAPUR_ODISHA_767018,"Mahanadi Netra Chitsalaya, Subarnapur, Odisha-767018",Odisha,Other,,
TN_DHANVANTRI_CRITICAL_CARE_CENTER_KARUNGALPALAYAM_ERODE_TAMIL_NADU_638003,"Dhanvantri Critical Care Center, Karungalpalayam, Erode, Tamil Nadu-638003",Tamil Nadu,Other,,
DL_VIDYASAGAR_INSTITUTE_OF_MENTAL_HEALTH_AND_NEURO_SCIENCES_DELHI_110065,"Vidyasagar Institute of Mental Health and Neuro Sciences, Delhi-110065",Delhi,Other,,
CG_SHRI_BALAJI_INSTITUTE_OF_MEDICAL_SCIENCE_RAIPUR_CHHATTISGARH_492001,"Shri Balaji Institute of Medical Science, Raipur, Chhattisgarh-492001",Chhattisgarh,Other,,
MH_PAEDIATRIC_SURGERY_CENTRE_AND_PG_INSTITUTE_8750_VISHRAMBAG_SANGLI_MAHARASHTRA_416415,"Paediatric Surgery Centre & PG Institute, 8750 Vishrambag, Sangli, Maharashtra-416415",Maharashtra,Other,,
